{
    "K": [
        2638.45248,
        0,
        644.708561,
        0,
        2643.24456,
        556.416125,
        0,
        0,
        1
    ],
    "d": [
        0.00336027365,
        -1.94942349,
        0.00366635825,
        -0.000213124326,
        15.4216154
    ],
    "R": [
        -0.8807536381840947,
        0.4624145335190881,
        -0.10220483362251064,
        0.18892318187850804,
        0.14518007130136698,
        -0.971200688964866,
        -0.434259208508445,
        -0.8746974025840332,
        -0.21522870100979738
    ],
    "t": [
        1.0118642517315455,
        1.231204523276947,
        13.80610089377691
    ],
    "scale": 1.0
}