{
    "K": [
        2625.89368,
        0,
        619.788449,
        0,
        2634.81938,
        583.130551,
        0,
        0,
        1
    ],
    "d": [
        0.025519229,
        -3.13906126,
        0.00457121453,
        0.000366164067,
        28.0346737
    ],
    "R": [
        -0.9139610397675343,
        -0.4016806184100291,
        -0.057687941381055687,
        -0.03753044236308239,
        0.22521748868315403,
        -0.9735854090357374,
        0.4040627224615987,
        -0.8876540787857564,
        -0.22091526142829324
    ],
    "t": [
        -2.0975949597118166,
        1.5376360214443858,
        14.540285644729614
    ],
    "scale": 1.0,
    "tag_dimension": 0.25
}