{
    "K": [
        2610.2861,
        0,
        570.227182,
        0,
        2607.92793,
        496.718486,
        0,
        0,
        1
    ],
    "d": [
        0.202637288,
        -10.8329812,
        -0.0101240224,
        -0.00581765475,
        111.185356
    ],
    "R": [
        -0.9993180074954182,
        -0.014773766986409373,
        0.0338416267992342,
        -0.03609360777355133,
        0.19732687032239268,
        -0.9796730871707453,
        0.007795599609805611,
        -0.9802264238724647,
        -0.1977255334268255
    ],
    "t": [
        0.004694037739804193,
        0.05375684101195659,
        0.842564290481489
    ],
    "scale": 11.913537173966214
}