{
    "K": [
        2647.85507,
        0,
        620.542012,
        0,
        2651.20573,
        587.743592,
        0,
        0,
        1
    ],
    "d": [
        -0.106115873,
        0.794815195,
        0.00751078589,
        -0.00211461743,
        -5.35708296
    ],
    "tag_dimension": 0.25,
    "R": [
        -0.992072081095339,
        -0.12385926550378433,
        0.02125719313611709,
        -0.03964120795938046,
        0.14791351974201244,
        -0.9882055278680898,
        0.11925418459192229,
        -0.9812137753957556,
        -0.15165080425412641
    ],
    "t": [
        1.1635913292024964,
        1.5451448697559018,
        12.030379241417569
    ],
    "scale": 1.0
}