{
    "K": [
        2494.23381,
        0,
        639.757428,
        0,
        2452.8388,
        509.937144,
        0,
        0,
        1
    ],
    "d": [
        0.000350790859,
        -10.5571679,
        -0.0226177607,
        0.00507822678,
        123.546332
    ],
    "R": [
        -0.9409046576575554,
        0.3383793532951308,
        0.01406550610136426,
        0.012163442915690846,
        0.07526819588798259,
        -0.9970891381136417,
        -0.33845306300099454,
        -0.9379947291703389,
        -0.0749360540321378
    ],
    "t": [
        0.11372894405959005,
        0.10495672457969663,
        0.7417046567668529
    ],
    "scale": 11.913537173966214
}