{
    "K": [
        2634.38037,
        0,
        623.075995,
        0,
        2640.77899,
        577.645363,
        0,
        0,
        1
    ],
    "d": [
        -0.0518437464,
        -1.47712908,
        0.00086348731,
        -0.00188394334,
        12.9757366
    ],
    "R": [
        -0.9949966385405367,
        0.08153220619636754,
        -0.0577424336669814,
        0.0719727090323403,
        0.18409168707636833,
        -0.9802704626295354,
        -0.06929371145766995,
        -0.9795216945540969,
        -0.18903870357757876
    ],
    "t": [
        -1.2069902869739761,
        1.60247643282193,
        11.788172481343958
    ],
    "scale": 1.0
}