{
    "K": [
        2642.11781,
        0,
        560.543653,
        0,
        2647.2388,
        563.900432,
        0,
        0,
        1
    ],
    "d": [
        0.00297288662,
        -3.57262688,
        0.0048445864,
        -0.00440809489,
        39.8661077
    ],
    "tag_dimension": 0.25,
    "R": [
        -0.9026803426870141,
        0.4190283543889291,
        -0.09789503125573201,
        0.1639550960815041,
        0.12457848473525701,
        -0.9785698378807575,
        -0.3978528941648653,
        -0.8993861458568135,
        -0.18115638339696216
    ],
    "t": [
        3.051868569663057,
        0.9517819295169199,
        14.215505051172409
    ],
    "scale": 1.0
}