{
    "K": [
        2661.4478,
        0,
        631.80942,
        0,
        2666.1934,
        566.268796,
        0,
        0,
        1
    ],
    "d": [
        -0.109283041,
        1.21266639,
        0.00227294009,
        -0.00137656416,
        -3.55005342
    ],
    "tag_dimension": 0.25,
    "R": [
        -0.9067678956552391,
        -0.42152765490381805,
        0.009296212145665183,
        -0.06084407988385267,
        0.10900344249423974,
        -0.9921775282012247,
        0.4172169475848948,
        -0.9002403488378493,
        -0.12448828447789961
    ],
    "t": [
        -1.8660144417759863,
        1.872675375228474,
        14.266541461804673
    ],
    "scale": 1.0
}