{
    "K": [
        2362.38275,
        0,
        590.906544,
        0,
        2358.11809,
        521.821668,
        0,
        0,
        1
    ],
    "d": [
        -0.456080609,
        13.1947628,
        0.0123591296,
        0.000416095438,
        -140.803037
    ],
    "R": [
        -0.8224015394593717,
        -0.5656844499130872,
        0.060471572010188504,
        -0.11609564575924079,
        0.06281738164960948,
        -0.99124960408488,
        0.5569358211954053,
        -0.8222256865904977,
        -0.11733461288206651
    ],
    "t": [
        -0.03570649693139814,
        0.11764089040361798,
        0.7428031085324845
    ],
    "scale": 11.913537173966214,
    "tag_dimension": 0.25
}